[{
  "id": "eacf248c-a271-4634-a52e-878d7627005e",
  "productName": "Cheese - Roquefort Pappillon",
  "dateOrdered": "2020-12-20T20:33:53Z",
  "orderStatus": "complete"
}, {
  "id": "11f2e22a-e262-4447-9d9d-628525f919d2",
  "productName": "Bread - Pumpernickel",
  "dateOrdered": "2021-06-15T17:32:09Z",
  "orderStatus": "accepted"
}, {
  "id": "ff61da28-753c-4460-a885-47cce95cffe7",
  "productName": "Wonton Wrappers",
  "dateOrdered": "2021-06-15T16:35:54Z",
  "orderStatus": "accepted"
}, {
  "id": "2212c8b3-1fe6-4c8e-b96e-0366d86e0aac",
  "productName": "Bread - Bagels, Plain",
  "dateOrdered": "2020-08-03T19:17:55Z",
  "orderStatus": "complete"
}, {
  "id": "21630ea8-96df-4cd9-9655-ed65516de0f3",
  "productName": "Sambuca Cream",
  "dateOrdered": "2020-08-20T22:27:04Z",
  "orderStatus": "complete"
}, {
  "id": "c7501589-41cb-4b32-a55b-d980ae2d5ad4",
  "productName": "Bread Base - Toscano",
  "dateOrdered": "2022-06-14T08:05:12Z",
  "orderStatus": "inProgress"
}, {
  "id": "604ce43e-9042-4256-8874-ac8806e91f4c",
  "productName": "Cheese - Cottage Cheese",
  "dateOrdered": "2020-07-19T21:35:01Z",
  "orderStatus": "complete"
}, {
  "id": "157c9e2d-b2cd-4d60-b965-fa17c769b3bd",
  "productName": "Coffee - Decaffeinato Coffee",
  "dateOrdered": "2020-12-04T06:22:48Z",
  "orderStatus": "complete"
}, {
  "id": "422354cc-ca33-4ab1-8496-660bc9b1da23",
  "productName": "Bacardi Breezer - Strawberry",
  "dateOrdered": "2021-06-14T09:57:41Z",
  "orderStatus": "inProgress"
}, {
  "id": "b36496bb-64bd-4ae3-b082-f86dd4332745",
  "productName": "Oil - Hazelnut",
  "dateOrdered": "2020-09-28T16:24:10Z",
  "orderStatus": "complete"
}, {
  "id": "732442b9-34c4-4e8e-9ef6-50e7da6a0afa",
  "productName": "Artichoke - Hearts, Canned",
  "dateOrdered": "2020-08-18T18:37:52Z",
  "orderStatus": "complete"
}, {
  "id": "6f4a2b07-aedf-4974-8c57-8758672c5941",
  "productName": "Nut - Pistachio, Shelled",
  "dateOrdered": "2021-06-14T18:23:58Z",
  "orderStatus": "inProgress"
}, {
  "id": "f7561f2f-e3c3-4097-87c6-39ae3fd7a768",
  "productName": "Mushroom - Chanterelle Frozen",
  "dateOrdered": "2020-06-16T11:36:04Z",
  "orderStatus": "complete"
}, {
  "id": "0eb641c4-c6df-4557-a3e5-4aa068d02497",
  "productName": "Veal - Inside Round / Top, Lean",
  "dateOrdered": "2020-11-01T18:18:42Z",
  "orderStatus": "complete"
}, {
  "id": "537950d0-f950-40b4-bb46-492f216ece41",
  "productName": "Bagel - Sesame Seed Presliced",
  "dateOrdered": "2020-09-15T03:49:45Z",
  "orderStatus": "complete"
}]
